v1.1.2-beta,2024-04-30T14:33:45
v1.1.3-beta,2024-05-07T15:31:19
v1.1.4-beta,2024-05-14T09:05:38
v1.1.5-beta,2024-05-17T09:34:43
v1.1.6-beta,2024-05-21T09:30:22
v1.1.7-beta,2024-05-23T10:01:16
v1.1.8-beta,2024-06-04T13:20:03
v1.2.0-beta,2024-06-06T14:34:41
v1.2.1-beta,2024-06-11T15:51:36
v1.2.2-beta,2024-06-13T09:10:39
v1.2.3-beta,2024-06-20T13:08:41
v1.2.4-beta,2024-06-27T09:14:27
v1.2.5-beta,2024-07-04T12:14:32
v1.2.6-beta,2024-07-11T11:49:03
v1.3.0-beta,2024-07-18T09:26:16
v1.3.1-beta,2024-07-19T15:24:39
v1.3.2-beta,2024-07-25T09:16:14
v1.3.3-beta,2024-08-01T10:08:56
v1.3.4-beta,2024-08-08T09:35:50
v1.3.5-beta,2024-08-15T11:29:54
v1.4.0-beta,2024-08-21T11:07:18
v1.4.1-beta,2024-08-29T10:46:00
v1.4.2-beta,2024-09-06T10:45:38
v1.4.3-beta,2024-09-12T12:01:18
v1.5.2-beta,2024-09-24T12:21:00
v1.5.3-beta,2024-09-25T12:11:20
v1.5.4-beta,2024-09-25T13:53:15
v1.5.5-beta,2024-10-03T10:10:28
